Date,App JS,Manifest JS,Vendor JS,Vendor CSS
07-27-2019 09:43PM,app.da64757027c8417c0a88.js,manifest.c6d38df16c6471f528bc.js,vendor.c9623e8ef77836a04c9a.js,app.45f8154a3d328e420a930f43b9d696e3.css
07-27-2019 10:24PM,app.cc920316ce24917fe6a6.js,manifest.c4b416c9212df9364068.js,vendor.c9623e8ef77836a04c9a.js,app.45f8154a3d328e420a930f43b9d696e3.css
07-27-2019 11:07PM,app.78afcbf4f1c3800af5fd.js,manifest.3f4317272d17ca6af65d.js,vendor.c9623e8ef77836a04c9a.js,app.45f8154a3d328e420a930f43b9d696e3.css
07-28-2019 12:02AM,app.6868ad6279f19b229d24.js,manifest.e304471f1f8340b2a3df.js,vendor.9a282a8bab95c95b3433.js,app.45f8154a3d328e420a930f43b9d696e3.css
08-08-2019 05:23PM,app.eafc7519064adc49f445.js,manifest.d3cbeb702c23484b0c89.js,vendor.9a282a8bab95c95b3433.js,app.45f8154a3d328e420a930f43b9d696e3.css
08-08-2019 11:38PM,app.cf5fff5415522c1b5686.js,manifest.386fbe1f4003cbd1fd65.js,vendor.9a282a8bab95c95b3433.js,app.45f8154a3d328e420a930f43b9d696e3.css
08-09-2019 03:52PM,app.39441baf945ba3d42c7c.js,manifest.5c36b953ea610150e5c8.js,vendor.9a282a8bab95c95b3433.js,app.45f8154a3d328e420a930f43b9d696e3.css
10-23-2019 07:50PM,app.910bd14faf7cac8cb377.js,manifest.72195d91171006dca6f7.js,vendor.9a282a8bab95c95b3433.js,app.45f8154a3d328e420a930f43b9d696e3.css
10-23-2019 08:17PM,app.6dadd02bf4cc7042eb42.js,manifest.9d8dfc45635c8d52f8e3.js,vendor.9a282a8bab95c95b3433.js,app.45f8154a3d328e420a930f43b9d696e3.css
